month, year, url
April, 2016, http://www.onetcenter.org/dl_files/database/db_20_3_text.zip
February, 2016, http://www.onetcenter.org/dl_files/database/db_20_2_text.zip
October, 2015, http://www.onetcenter.org/dl_files/database/db_20_1_text.zip
August, 2015, http://www.onetcenter.org/dl_files/db_20_0.zip
July, 2014, http://www.onetcenter.org/dl_files/db_19_0.zip
March, 2014, http://www.onetcenter.org/dl_files/db_18_1.zip
July, 2013, http://www.onetcenter.org/dl_files/db_18_0.zip
July, 2012, http://www.onetcenter.org/dl_files/db_17_0.zip
July, 2011, http://www.onetcenter.org/dl_files/db_16_0.zip
February, 2011, http://www.onetcenter.org/dl_files/db_15_1.zip
July, 2010, http://www.onetcenter.org/dl_files/db_15_0.zip
June, 2009, http://www.onetcenter.org/dl_files/db_14_0.zip
June, 2008, http://www.onetcenter.org/dl_files/db_13_0.zip
December, 2006, http://www.onetcenter.org/dl_files/db_11_0.zip
June, 2006, http://www.onetcenter.org/dl_files/db_10_0.zip
December, 2005, http://www.onetcenter.org/dl_files/db_90.zip
June, 2005, http://www.onetcenter.org/dl_files/db_80.zip
December, 2004, http://www.onetcenter.org/dl_files/db_70.zip
July, 2004, http://www.onetcenter.org/dl_files/db_60.zip
November, 2003, http://www.onetcenter.org/dl_files/db_51.zip
April, 2003, http://www.onetcenter.org/dl_files/db_50.zip
June, 2002, http://www.onetcenter.org/dl_files/db_40.zip